{"loss": 0.18022118508815765, "acc": 0.9476836919784546}
