{"loss": 0.2833046615123749, "acc": 0.9229233264923096}
