{"loss": 0.8519366979598999, "acc": 0.800000011920929}
