{"loss": 0.27572083473205566, "acc": 0.9235223531723022}
