{"loss": 0.2856718897819519, "acc": 0.9220247864723206}
